919898117377,Dealer Phone 1.jpg,I
919824928376,Dealer Phone 2.jpg,I
919737312450,Dealer Phone 3.jpg,I
919099012450,Dealer Phone 4.jpg,I
919426210865,Dealer Phone 5.jpg,I
919374156965,Dealer Phone 6.jpg,I
919722317752,Dealer Phone 7.jpg,I
919099475325,Dealer Phone 8.jpg,I
919377287995,Dealer Phone 9.jpg,I
919426450998,Dealer Phone 10.jpg,I
919723984846,Dealer Phone 11.jpg,I
917041488099,Dealer Phone 12.jpg,I
919426086144,Dealer Phone 13.jpg,I
919173555942,Dealer Phone 14.jpg,I
919823713347,Dealer Phone 15.jpg,I
919427066695,Dealer Phone 16.jpg,I
919890619598,Dealer Phone 17.jpg,I
919228157875,Dealer Phone 18.jpg,I
917020956044,Dealer Phone 19.jpg,I
917977255062,Dealer Phone 20.jpg,I
919825453585,Dealer Phone 21.jpg,I
919879491408,Dealer Phone 22.jpg,I
918347336794,Dealer Phone 23.jpg,I
919426233196,Dealer Phone 24.jpg,I
919644001110,Dealer Phone 25.jpg,I
919825498748,Dealer Phone 26.jpg,I
919930931603,Dealer Phone 27.jpg,I
919426207074,Dealer Phone 28.jpg,I
919822238338,Dealer Phone 29.jpg,I
918758224251,Dealer Phone 30.jpg,I
919483371136,Dealer Phone 31.jpg,I
919426248957,Dealer Phone 32.jpg,I
919214031090,Dealer Phone 33.jpg,I
919898970629,Dealer Phone 34.jpg,I
919420631444,Dealer Phone 35.jpg,I
919979550506,Dealer Phone 36.jpg,I
919422950814,Dealer Phone 37.jpg,I
919822011337,Dealer Phone 38.jpg,I
919825385232,Dealer Phone 39.jpg,I
919428504032,Dealer Phone 40.jpg,I
919766236946,Dealer Phone 41.jpg,I
919825279919,Dealer Phone 42.jpg,I
919427593919,Dealer Phone 43.jpg,I
919426713213,Dealer Phone 44.jpg,I
919737770540,Dealer Phone 45.jpg,I
918000903585,Dealer Phone 46.jpg,I
918105555212,Dealer Phone 47.jpg,I
919825130789,Dealer Phone 48.jpg,I
919825049300,Dealer Phone 49.jpg,I
919623323777,Dealer Phone 50.jpg,I
918866872219,Dealer Phone 51.jpg,I
919414231467,Dealer Phone 52.jpg,I
919898119385,Dealer Phone 53.jpg,I
917030582241,Dealer Phone 54.jpg,I
919408664705,Dealer Phone 55.jpg,I
917420061266,Dealer Phone 56.jpg,I
919173924550,Dealer Phone 57.jpg,I
919408700567,Dealer Phone 58.jpg,I
919824550223,Dealer Phone 59.jpg,I
919374999333,Dealer Phone 60.jpg,I
917984141784,Dealer Phone 61.jpg,I
919879176412,Dealer Phone 62.jpg,I
919825429581,Dealer Phone 63.jpg,I
919727425990,Dealer Phone 64.jpg,I
917977790537,Dealer Phone 65.jpg,I
918269307804,Dealer Phone 66.jpg,I
919316987571,Dealer Phone 67.jpg,I
919904117110,Ref. Partner FB 1.jpg,I
919879524330,Ref. Partner FB 2.jpg,I
919723581009,Ref. Partner FB 3.jpg,I
917984446469,Ref. Partner FB 4.jpg,I
919173160938,Ref. Partner FB 5.jpg,I
919824114911,Ref. Partner FB 6.jpg,I
919898291285,Ref. Partner FB 7.jpg,I
919998840090,Ref. Partner FB 8.jpg,I
919327409997,Ref. Partner FB 9.jpg,I
919904423100,Ref. Partner FB 10.jpg,I
919825230590,Ref. Partner FB 11.jpg,I
919426437041,Ref. Partner FB 12.jpg,I
919924233077,Ref. Partner FB 13.jpg,I
919370027785,Ref. Partner FB 14.jpg,I
919428999260,Ref. Partner FB 15.jpg,I
919510508280,Ref. Partner FB 16.jpg,I
918200124718,Ref. Partner FB 17.jpg,I
917878981414,Ref. Partner FB 18.jpg,I
919978946293,Ref. Partner FB 19.jpg,I
919327023343,Ref. Partner FB 20.jpg,I
918000087745,Ref. Partner FB 21.jpg,I
919763490466,Ref. Partner FB 22.jpg,I
919922115694,Ref. Partner FB 23.jpg,I
918320812600,Ref. Partner FB 24.jpg,I
919979327529,Ref. Partner FB 25.jpg,I
919409494203,Ref. Partner FB 26.jpg,I
919328049239,Ref. Partner FB 27.jpg,I
919687931177,Ref. Partner FB 28.jpg,I
919879380616,Ref. Partner FB 29.jpg,I
918511554429,Ref. Partner FB 30.jpg,I
919586300043,Ref. Partner FB 31.jpg,I
919913008767,Ref. Partner FB 32.jpg,I
919104531247,Ref. Partner FB 33.jpg,I
919860005399,Ref. Partner FB 34.jpg,I
919909706052,Ref. Partner FB 35.jpg,I
919377741627,Ref. Partner FB 36.jpg,I
919825741741,Ref. Partner FB 37.jpg,I
917984608958,Ref. Partner FB 38.jpg,I
917777919877,Ref. Partner FB 39.jpg,I
919033901201,Ref. Partner FB 40.jpg,I
919227619186,Ref. Partner FB 41.jpg,I
919904276999,Ref. Partner FB 42.jpg,I
919723338299,Ref. Partner FB 43.jpg,I
917069425132,Ref. Partner FB 44.jpg,I
919924947420,Ref. Partner FB 45.jpg,I
919638447534,Ref. Partner FB 46.jpg,I
919762345286,Ref. Partner FB 47.jpg,I
919327063006,Ref. Partner FB 48.jpg,I
919823913834,Ref. Partner FB 49.jpg,I
919420911122,Ref. Partner FB 50.jpg,I
919824393921,Ref. Partner FB 51.jpg,I
919327663006,Ref. Partner FB 52.jpg,I
919879840116,Ref. Partner FB 53.jpg,I
917698767589,Ref. Partner FB 54.jpg,I
919924610269,Ref. Partner FB 55.jpg,I
919725101094,Ref. Partner FB 56.jpg,I
919426325566,Ref. Partner FB 57.jpg,I
919924417337,Ref. Partner FB 58.jpg,I
919277305828,Ref. Partner FB 59.jpg,I
919825579906,Ref. Partner FB 60.jpg,I
918866159951,Ref. Partner FB 61.jpg,I
919624452505,Ref. Partner FB 62.jpg,I
919726053550,Ref. Partner FB 63.jpg,I
918401833320,Ref. Partner FB 64.jpg,I
919428421400,Ref. Partner FB 65.jpg,I
919824344602,Ref. Partner FB 66.jpg,I
919879256407,Ref. Partner FB 67.jpg,I
919824497585,Ref. Partner FB 68.jpg,I
919725048106,Ref. Partner FB 69.jpg,I
919725097188,Ref. Partner FB 70.jpg,I
919974393701,Ref. Partner FB 71.jpg,I
919998053999,Ref. Partner FB 72.jpg,I
919824138264,Ref. Partner FB 73.jpg,I
919427256311,Ref. Partner FB 74.jpg,I
919601945887,Ref. Partner FB 75.jpg,I
919898944748,Ref. Partner FB 76.jpg,I
918000026622,Ref. Partner FB 77.jpg,I
919428847854,Ref. Partner FB 78.jpg,I
919824053398,Ref. Partner FB 79.jpg,I
918156049710,Ref. Partner FB 80.jpg,I
919979732170,Ref. Partner FB 81.jpg,I
918980432929,Ref. Partner FB 82.jpg,I
919924372838,Ref. Partner FB 83.jpg,I
919601550049,Ref. Partner FB 84.jpg,I
919714542590,Ref. Partner FB 85.jpg,I
919924274190,Ref. Partner FB 86.jpg,I
918128553375,Ref. Partner FB 87.jpg,I
919825565067,Ref. Partner FB 88.jpg,I
919909710675,Ref. Partner FB 89.jpg,I
919898694592,Ref. Partner FB 90.jpg,I
919033647620,Ref. Partner FB 91.jpg,I
919998885055,Ref. Partner FB 92.jpg,I
919979395144,Ref. Partner FB 93.jpg,I
919818499907,Ref. Partner FB 94.jpg,I
919054597021,Ref. Partner FB 95.jpg,I
918460084677,Ref. Partner FB 96.jpg,I
919724257108,Ref. Partner FB 97.jpg,I
919898212642,Ref. Partner FB 98.jpg,I
919033285263,Ref. Partner FB 99.jpg,I
919825263484,Ref. Partner FB 100.jpg,I
917621023484,Ref. Partner FB 101.jpg,I
919426589547,Ref. Partner FB 102.jpg,I
919824028497,Ref. Partner FB 103.jpg,I
918140797909,Ref. Partner FB 104.jpg,I
919979117870,Ref. Partner FB 105.jpg,I
919879047988,Ref. Partner FB 106.jpg,I
919824420158,Ref. Partner FB 107.jpg,I
919724969635,Ref. Partner FB 108.jpg,I
917600755644,Ref. Partner FB 109.jpg,I
919824789908,Ref. Partner FB 110.jpg,I
919004422277,Ref. Partner FB 111.jpg,I
919879439006,Ref. Partner FB 112.jpg,I
919824252230,Ref. Partner FB 113.jpg,I
919825680122,Ref. Partner FB 114.jpg,I
919925882255,Ref. Partner FB 115.jpg,I
916357195339,Ref. Partner FB 116.jpg,I
919998522209,Ref. Partner FB 117.jpg,I
919825388032,Ref. Partner FB 118.jpg,I
919328118212,Ref. Partner FB 119.jpg,I
919428231318,Ref. Partner FB 120.jpg,I
919998998232,Ref. Partner FB 121.jpg,I
919099542754,Ref. Partner FB 122.jpg,I
919909003498,Ref. Partner FB 123.jpg,I
919104104998,Ref. Partner FB 124.jpg,I
919537555559,Ref. Partner FB 125.jpg,I
918980530787,Ref. Partner FB 126.jpg,I
919033395550,Ref. Partner FB 127.jpg,I
919409526320,Ref. Partner FB 128.jpg,I
919428279559,Ref. Partner FB 129.jpg,I
916354476050,Ref. Partner FB 130.jpg,I
919724976690,Ref. Partner FB 131.jpg,I
919377441695,Ref. Partner FB 132.jpg,I
919427854674,Ref. Partner FB 133.jpg,I
918000082928,Ref. Partner FB 134.jpg,I
919016535452,Ref. Partner FB 135.jpg,I
919033270952,Ref. Partner FB 136.jpg,I
916353005252,Ref. Partner FB 137.jpg,I
919426497217,Ref. Partner FB 138.jpg,I
918511456598,Ref. Partner FB 139.jpg,I
919824331936,Ref. Partner FB 140.jpg,I
919022064160,Ref. Partner FB 141.jpg,I
917624016445,Ref. Partner FB 142.jpg,I
919898148951,Ref. Partner FB 143.jpg,I
919925516668,Ref. Partner FB 144.jpg,I
919284268266,Ref. Partner FB 145.jpg,I
919727357472,Ref. Partner FB 146.jpg,I
919737808056,Ref. Partner FB 147.jpg,I
919825189425,Ref. Partner FB 148.jpg,I
919429044588,Ref. Partner FB 149.jpg,I
919924075028,Ref. Partner FB 150.jpg,I
919033242320,Ref. Partner FB 151.jpg,I
919924829525,Ref. Partner FB 152.jpg,I
919825626729,Ref. Partner FB 153.jpg,I
919825594124,Ref. Partner FB 154.jpg,I
919727525251,Ref. Partner FB 155.jpg,I
919427808959,Ref. Partner FB 156.jpg,I
919057233672,Ref. Partner FB 157.jpg,I
919408425190,Ref. Partner FB 158.jpg,I
919924527197,Ref. Partner FB 159.jpg,I
917874808751,Ref. Partner FB 160.jpg,I
918866042340,Ref. Partner FB 161.jpg,I
919979037776,Ref. Partner FB 162.jpg,I
918866266661,Ref. Partner FB 163.jpg,I
918905190446,Ref. Partner FB 164.jpg,I
919377740966,Ref. Partner FB 165.jpg,I
919825283220,Ref. Partner FB 166.jpg,I
919909361274,Ref. Partner FB 167.jpg,I
919978102781,Ref. Partner FB 168.jpg,I
919725085566,Ref. Partner FB 169.jpg,I
919426463998,Ref. Partner FB 170.jpg,I
919898071838,Ref. Partner FB 171.jpg,I
919825100961,Ref. Partner FB 172.jpg,I
917567241720,Ref. Partner FB 173.jpg,I
919824704336,Ref. Partner FB 174.jpg,I
918160637126,Ref. Partner FB 175.jpg,I
917387888585,Ref. Partner FB 176.jpg,I
919309868782,Ref. Partner FB 177.jpg,I
917977790537,Ref. Partner FB 178.jpg,I
919227625143,Ref. Partner FB 179.jpg,I
919403761110,Ref. Partner FB 180.jpg,I
919586901990,Ref. Partner FB 181.jpg,I
917600649391,Ref. Partner FB 182.jpg,I
919898190377,Ref. Partner FB 183.jpg,I
918141090849,Ref. Partner FB 184.jpg,I
919979315022,Ref. Partner FB 185.jpg,I
919724501033,Ref. Partner FB 186.jpg,I
919924981845,Ref. Partner FB 187.jpg,I
917203999969,Ref. Partner FB 188.jpg,I
919825057021,Ref. Partner FB 189.jpg,I
919925512355,Ref. Partner FB 190.jpg,I
918866229479,Ref. Partner FB 191.jpg,I
917016942736,Ref. Partner FB 192.jpg,I
918128661807,Ref. Partner FB 193.jpg,I
919824434190,Ref. Partner FB 194.jpg,I
919081222283,Ref. Partner FB 195.jpg,I
919626260001,Ref. Partner FB 196.jpg,I
919924528504,Ref. Partner FB 197.jpg,I
919879757778,Ref. Partner FB 198.jpg,I
919909518648,Ref. Partner FB 199.jpg,I
919824261882,Ref. Partner FB 200.jpg,I
919409386940,Ref. Partner FB 201.jpg,I
919375927330,Ref. Partner FB 202.jpg,I
919898211120,Ref. Partner FB 203.jpg,I
919664161035,Ref. Partner FB 204.jpg,I
918160096565,Ref. Partner FB 205.jpg,I
919824704501,Ref. Partner FB 206.jpg,I
919723488558,Ref. Partner FB 207.jpg,I
919722648030,Ref. Partner FB 208.jpg,I
919824524328,Ref. Partner FB 209.jpg,I
919662555409,Ref. Partner FB 210.jpg,I
918490059291,Ref. Partner FB 211.jpg,I
919227528108,Ref. Partner FB 212.jpg,I
919978900406,Ref. Partner FB 213.jpg,I
919925998950,Ref. Partner FB 214.jpg,I
919978547877,Ref. Partner FB 215.jpg,I
919879925795,Ref. Partner FB 216.jpg,I
919687308650,Ref. Partner FB 217.jpg,I
919825363360,Ref. Partner FB 218.jpg,I
919033977435,Ref. Partner FB 219.jpg,I
918141581613,Ref. Partner FB 220.jpg,I
919825296652,Ref. Partner FB 221.jpg,I
919909849491,Ref. Partner FB 222.jpg,I
919011335511,Ref. Partner FB 223.jpg,I
917573820622,Ref. Partner FB 224.jpg,I
919327684531,Ref. Partner FB 225.jpg,I
919724924555,Ref. Partner FB 226.jpg,I
919925858700,Ref. Partner FB 227.jpg,I
919913856957,Ref. Partner FB 228.jpg,I
919898179758,Ref. Partner FB 229.jpg,I
919426853288,Ref. Partner FB 230.jpg,I
919909905208,Ref. Partner FB 231.jpg,I
919978929268,Ref. Partner FB 232.jpg,I
919824313275,Ref. Partner FB 233.jpg,I
919998031905,Ref. Partner FB 234.jpg,I
919825173618,Ref. Partner FB 235.jpg,I
919879127769,Ref. Partner FB 236.jpg,I
919925061698,Ref. Partner FB 237.jpg,I
919638932229,Ref. Partner FB 238.jpg,I
919998856510,Ref. Partner FB 239.jpg,I
919898888664,Ref. Partner FB 240.jpg,I
919825045149,Ref. Partner FB 241.jpg,I
917016622167,Ref. Partner FB 242.jpg,I
917383428726,Ref. Partner FB 243.jpg,I
917021052566,Ref. Partner FB 244.jpg,I
919512277757,Ref. Partner FB 245.jpg,I
919377106660,Ref. Partner FB 246.jpg,I
918866075456,Ref. Partner FB 247.jpg,I
919825570626,Ref. Partner FB 248.jpg,I
919974244492,Ref. Partner FB 249.jpg,I
919924620399,Ref. Partner FB 250.jpg,I
919825082219,Ref. Partner FB 251.jpg,I
919824497751,Ref. Partner FB 252.jpg,I
917046450042,Ref. Partner FB 253.jpg,I
917990983650,Ref. Partner FB 254.jpg,I
918866007056,Ref. Partner FB 255.jpg,I
919714962315,Ref. Partner FB 256.jpg,I
919724242493,Ref. Partner FB 257.jpg,I
918511959838,Ref. Partner FB 258.jpg,I
918734048034,Ref. Partner FB 259.jpg,I
919824039839,Ref. Partner FB 260.jpg,I
918780201375,Ref. Partner FB 261.jpg,I
919426358298,Ref. Partner FB 262.jpg,I
919824067325,Ref. Partner FB 263.jpg,I
919979694055,Ref. Partner FB 264.jpg,I
919265051522,Ref. Partner FB 265.jpg,I
917359570080,Ref. Partner FB 266.jpg,I
919909033877,Ref. Partner FB 267.jpg,I
919227409038,Ref. Partner FB 268.jpg,I
919033330695,Ref. Partner FB 269.jpg,I
919601340449,Ref. Partner FB 270.jpg,I
919978842784,Ref. Partner FB 271.jpg,I
919904117110,Ref. Partner Phone 1.jpg,I
919879524330,Ref. Partner Phone 2.jpg,I
919723581009,Ref. Partner Phone 3.jpg,I
917984446469,Ref. Partner Phone 4.jpg,I
919173160938,Ref. Partner Phone 5.jpg,I
919824114911,Ref. Partner Phone 6.jpg,I
919898291285,Ref. Partner Phone 7.jpg,I
919998840090,Ref. Partner Phone 8.jpg,I
919327409997,Ref. Partner Phone 9.jpg,I
919904423100,Ref. Partner Phone 10.jpg,I
919825230590,Ref. Partner Phone 11.jpg,I
919426437041,Ref. Partner Phone 12.jpg,I
919924233077,Ref. Partner Phone 13.jpg,I
919370027785,Ref. Partner Phone 14.jpg,I
919428999260,Ref. Partner Phone 15.jpg,I
919510508280,Ref. Partner Phone 16.jpg,I
918200124718,Ref. Partner Phone 17.jpg,I
917878981414,Ref. Partner Phone 18.jpg,I
919978946293,Ref. Partner Phone 19.jpg,I
919327023343,Ref. Partner Phone 20.jpg,I
918000087745,Ref. Partner Phone 21.jpg,I
919763490466,Ref. Partner Phone 22.jpg,I
919922115694,Ref. Partner Phone 23.jpg,I
918320812600,Ref. Partner Phone 24.jpg,I
919979327529,Ref. Partner Phone 25.jpg,I
919409494203,Ref. Partner Phone 26.jpg,I
919328049239,Ref. Partner Phone 27.jpg,I
919687931177,Ref. Partner Phone 28.jpg,I
919879380616,Ref. Partner Phone 29.jpg,I
918511554429,Ref. Partner Phone 30.jpg,I
919586300043,Ref. Partner Phone 31.jpg,I
919913008767,Ref. Partner Phone 32.jpg,I
919104531247,Ref. Partner Phone 33.jpg,I
919860005399,Ref. Partner Phone 34.jpg,I
919909706052,Ref. Partner Phone 35.jpg,I
919377741627,Ref. Partner Phone 36.jpg,I
919825741741,Ref. Partner Phone 37.jpg,I
917984608958,Ref. Partner Phone 38.jpg,I
917777919877,Ref. Partner Phone 39.jpg,I
919033901201,Ref. Partner Phone 40.jpg,I
919227619186,Ref. Partner Phone 41.jpg,I
919904276999,Ref. Partner Phone 42.jpg,I
919723338299,Ref. Partner Phone 43.jpg,I
917069425132,Ref. Partner Phone 44.jpg,I
919924947420,Ref. Partner Phone 45.jpg,I
919638447534,Ref. Partner Phone 46.jpg,I
919762345286,Ref. Partner Phone 47.jpg,I
919327063006,Ref. Partner Phone 48.jpg,I
919823913834,Ref. Partner Phone 49.jpg,I
919420911122,Ref. Partner Phone 50.jpg,I
919824393921,Ref. Partner Phone 51.jpg,I
919327663006,Ref. Partner Phone 52.jpg,I
919879840116,Ref. Partner Phone 53.jpg,I
917698767589,Ref. Partner Phone 54.jpg,I
919924610269,Ref. Partner Phone 55.jpg,I
919725101094,Ref. Partner Phone 56.jpg,I
919426325566,Ref. Partner Phone 57.jpg,I
919924417337,Ref. Partner Phone 58.jpg,I
919277305828,Ref. Partner Phone 59.jpg,I
919825579906,Ref. Partner Phone 60.jpg,I
918866159951,Ref. Partner Phone 61.jpg,I
919624452505,Ref. Partner Phone 62.jpg,I
919726053550,Ref. Partner Phone 63.jpg,I
918401833320,Ref. Partner Phone 64.jpg,I
919428421400,Ref. Partner Phone 65.jpg,I
919824344602,Ref. Partner Phone 66.jpg,I
919879256407,Ref. Partner Phone 67.jpg,I
919824497585,Ref. Partner Phone 68.jpg,I
919725048106,Ref. Partner Phone 69.jpg,I
919725097188,Ref. Partner Phone 70.jpg,I
919974393701,Ref. Partner Phone 71.jpg,I
919998053999,Ref. Partner Phone 72.jpg,I
919824138264,Ref. Partner Phone 73.jpg,I
919427256311,Ref. Partner Phone 74.jpg,I
919601945887,Ref. Partner Phone 75.jpg,I
919898944748,Ref. Partner Phone 76.jpg,I
918000026622,Ref. Partner Phone 77.jpg,I
919428847854,Ref. Partner Phone 78.jpg,I
919824053398,Ref. Partner Phone 79.jpg,I
918156049710,Ref. Partner Phone 80.jpg,I
919979732170,Ref. Partner Phone 81.jpg,I
918980432929,Ref. Partner Phone 82.jpg,I
919924372838,Ref. Partner Phone 83.jpg,I
919601550049,Ref. Partner Phone 84.jpg,I
919714542590,Ref. Partner Phone 85.jpg,I
919924274190,Ref. Partner Phone 86.jpg,I
918128553375,Ref. Partner Phone 87.jpg,I
919825565067,Ref. Partner Phone 88.jpg,I
919909710675,Ref. Partner Phone 89.jpg,I
919898694592,Ref. Partner Phone 90.jpg,I
919033647620,Ref. Partner Phone 91.jpg,I
919998885055,Ref. Partner Phone 92.jpg,I
919979395144,Ref. Partner Phone 93.jpg,I
919818499907,Ref. Partner Phone 94.jpg,I
919054597021,Ref. Partner Phone 95.jpg,I
918460084677,Ref. Partner Phone 96.jpg,I
919724257108,Ref. Partner Phone 97.jpg,I
919898212642,Ref. Partner Phone 98.jpg,I
919033285263,Ref. Partner Phone 99.jpg,I
919825263484,Ref. Partner Phone 100.jpg,I
917621023484,Ref. Partner Phone 101.jpg,I
919426589547,Ref. Partner Phone 102.jpg,I
919824028497,Ref. Partner Phone 103.jpg,I
918140797909,Ref. Partner Phone 104.jpg,I
919979117870,Ref. Partner Phone 105.jpg,I
919879047988,Ref. Partner Phone 106.jpg,I
919824420158,Ref. Partner Phone 107.jpg,I
919724969635,Ref. Partner Phone 108.jpg,I
917600755644,Ref. Partner Phone 109.jpg,I
919824789908,Ref. Partner Phone 110.jpg,I
919004422277,Ref. Partner Phone 111.jpg,I
919879439006,Ref. Partner Phone 112.jpg,I
919824252230,Ref. Partner Phone 113.jpg,I
919825680122,Ref. Partner Phone 114.jpg,I
919925882255,Ref. Partner Phone 115.jpg,I
916357195339,Ref. Partner Phone 116.jpg,I
919998522209,Ref. Partner Phone 117.jpg,I
919825388032,Ref. Partner Phone 118.jpg,I
919328118212,Ref. Partner Phone 119.jpg,I
919428231318,Ref. Partner Phone 120.jpg,I
919998998232,Ref. Partner Phone 121.jpg,I
919099542754,Ref. Partner Phone 122.jpg,I
919909003498,Ref. Partner Phone 123.jpg,I
919104104998,Ref. Partner Phone 124.jpg,I
919537555559,Ref. Partner Phone 125.jpg,I
918980530787,Ref. Partner Phone 126.jpg,I
919033395550,Ref. Partner Phone 127.jpg,I
919409526320,Ref. Partner Phone 128.jpg,I
919428279559,Ref. Partner Phone 129.jpg,I
916354476050,Ref. Partner Phone 130.jpg,I
919724976690,Ref. Partner Phone 131.jpg,I
919377441695,Ref. Partner Phone 132.jpg,I
919427854674,Ref. Partner Phone 133.jpg,I
918000082928,Ref. Partner Phone 134.jpg,I
919016535452,Ref. Partner Phone 135.jpg,I
919033270952,Ref. Partner Phone 136.jpg,I
916353005252,Ref. Partner Phone 137.jpg,I
919426497217,Ref. Partner Phone 138.jpg,I
918511456598,Ref. Partner Phone 139.jpg,I
919824331936,Ref. Partner Phone 140.jpg,I
919022064160,Ref. Partner Phone 141.jpg,I
917624016445,Ref. Partner Phone 142.jpg,I
919898148951,Ref. Partner Phone 143.jpg,I
919925516668,Ref. Partner Phone 144.jpg,I
919284268266,Ref. Partner Phone 145.jpg,I
919727357472,Ref. Partner Phone 146.jpg,I
919737808056,Ref. Partner Phone 147.jpg,I
919825189425,Ref. Partner Phone 148.jpg,I
919429044588,Ref. Partner Phone 149.jpg,I
919924075028,Ref. Partner Phone 150.jpg,I
919033242320,Ref. Partner Phone 151.jpg,I
919924829525,Ref. Partner Phone 152.jpg,I
919825626729,Ref. Partner Phone 153.jpg,I
919825594124,Ref. Partner Phone 154.jpg,I
919727525251,Ref. Partner Phone 155.jpg,I
919427808959,Ref. Partner Phone 156.jpg,I
919057233672,Ref. Partner Phone 157.jpg,I
919408425190,Ref. Partner Phone 158.jpg,I
919924527197,Ref. Partner Phone 159.jpg,I
917874808751,Ref. Partner Phone 160.jpg,I
918866042340,Ref. Partner Phone 161.jpg,I
919979037776,Ref. Partner Phone 162.jpg,I
918866266661,Ref. Partner Phone 163.jpg,I
918905190446,Ref. Partner Phone 164.jpg,I
919377740966,Ref. Partner Phone 165.jpg,I
919825283220,Ref. Partner Phone 166.jpg,I
919909361274,Ref. Partner Phone 167.jpg,I
919978102781,Ref. Partner Phone 168.jpg,I
919725085566,Ref. Partner Phone 169.jpg,I
919426463998,Ref. Partner Phone 170.jpg,I
919898071838,Ref. Partner Phone 171.jpg,I
919825100961,Ref. Partner Phone 172.jpg,I
917567241720,Ref. Partner Phone 173.jpg,I
919824704336,Ref. Partner Phone 174.jpg,I
918160637126,Ref. Partner Phone 175.jpg,I
917387888585,Ref. Partner Phone 176.jpg,I
919309868782,Ref. Partner Phone 177.jpg,I
917977790537,Ref. Partner Phone 178.jpg,I
919227625143,Ref. Partner Phone 179.jpg,I
919403761110,Ref. Partner Phone 180.jpg,I
919586901990,Ref. Partner Phone 181.jpg,I
917600649391,Ref. Partner Phone 182.jpg,I
919898190377,Ref. Partner Phone 183.jpg,I
918141090849,Ref. Partner Phone 184.jpg,I
919979315022,Ref. Partner Phone 185.jpg,I
919724501033,Ref. Partner Phone 186.jpg,I
919924981845,Ref. Partner Phone 187.jpg,I
917203999969,Ref. Partner Phone 188.jpg,I
919825057021,Ref. Partner Phone 189.jpg,I
919925512355,Ref. Partner Phone 190.jpg,I
918866229479,Ref. Partner Phone 191.jpg,I
917016942736,Ref. Partner Phone 192.jpg,I
918128661807,Ref. Partner Phone 193.jpg,I
919824434190,Ref. Partner Phone 194.jpg,I
919081222283,Ref. Partner Phone 195.jpg,I
919626260001,Ref. Partner Phone 196.jpg,I
919924528504,Ref. Partner Phone 197.jpg,I
919879757778,Ref. Partner Phone 198.jpg,I
919909518648,Ref. Partner Phone 199.jpg,I
919824261882,Ref. Partner Phone 200.jpg,I
919409386940,Ref. Partner Phone 201.jpg,I
919375927330,Ref. Partner Phone 202.jpg,I
919898211120,Ref. Partner Phone 203.jpg,I
919664161035,Ref. Partner Phone 204.jpg,I
918160096565,Ref. Partner Phone 205.jpg,I
919824704501,Ref. Partner Phone 206.jpg,I
919723488558,Ref. Partner Phone 207.jpg,I
919722648030,Ref. Partner Phone 208.jpg,I
919824524328,Ref. Partner Phone 209.jpg,I
919662555409,Ref. Partner Phone 210.jpg,I
918490059291,Ref. Partner Phone 211.jpg,I
919227528108,Ref. Partner Phone 212.jpg,I
919978900406,Ref. Partner Phone 213.jpg,I
919925998950,Ref. Partner Phone 214.jpg,I
919978547877,Ref. Partner Phone 215.jpg,I
919879925795,Ref. Partner Phone 216.jpg,I
919687308650,Ref. Partner Phone 217.jpg,I
919825363360,Ref. Partner Phone 218.jpg,I
919033977435,Ref. Partner Phone 219.jpg,I
918141581613,Ref. Partner Phone 220.jpg,I
919825296652,Ref. Partner Phone 221.jpg,I
919909849491,Ref. Partner Phone 222.jpg,I
919011335511,Ref. Partner Phone 223.jpg,I
917573820622,Ref. Partner Phone 224.jpg,I
919327684531,Ref. Partner Phone 225.jpg,I
919724924555,Ref. Partner Phone 226.jpg,I
919925858700,Ref. Partner Phone 227.jpg,I
919913856957,Ref. Partner Phone 228.jpg,I
919898179758,Ref. Partner Phone 229.jpg,I
919426853288,Ref. Partner Phone 230.jpg,I
919909905208,Ref. Partner Phone 231.jpg,I
919978929268,Ref. Partner Phone 232.jpg,I
919824313275,Ref. Partner Phone 233.jpg,I
919998031905,Ref. Partner Phone 234.jpg,I
919825173618,Ref. Partner Phone 235.jpg,I
919879127769,Ref. Partner Phone 236.jpg,I
919925061698,Ref. Partner Phone 237.jpg,I
919638932229,Ref. Partner Phone 238.jpg,I
919998856510,Ref. Partner Phone 239.jpg,I
919898888664,Ref. Partner Phone 240.jpg,I
919825045149,Ref. Partner Phone 241.jpg,I
917016622167,Ref. Partner Phone 242.jpg,I
917383428726,Ref. Partner Phone 243.jpg,I
917021052566,Ref. Partner Phone 244.jpg,I
919512277757,Ref. Partner Phone 245.jpg,I
919377106660,Ref. Partner Phone 246.jpg,I
918866075456,Ref. Partner Phone 247.jpg,I
919825570626,Ref. Partner Phone 248.jpg,I
919974244492,Ref. Partner Phone 249.jpg,I
919924620399,Ref. Partner Phone 250.jpg,I
919825082219,Ref. Partner Phone 251.jpg,I
919824497751,Ref. Partner Phone 252.jpg,I
917046450042,Ref. Partner Phone 253.jpg,I
917990983650,Ref. Partner Phone 254.jpg,I
918866007056,Ref. Partner Phone 255.jpg,I
919714962315,Ref. Partner Phone 256.jpg,I
919724242493,Ref. Partner Phone 257.jpg,I
918511959838,Ref. Partner Phone 258.jpg,I
918734048034,Ref. Partner Phone 259.jpg,I
919824039839,Ref. Partner Phone 260.jpg,I
918780201375,Ref. Partner Phone 261.jpg,I
919426358298,Ref. Partner Phone 262.jpg,I
919824067325,Ref. Partner Phone 263.jpg,I
919979694055,Ref. Partner Phone 264.jpg,I
919265051522,Ref. Partner Phone 265.jpg,I
917359570080,Ref. Partner Phone 266.jpg,I
919909033877,Ref. Partner Phone 267.jpg,I
919227409038,Ref. Partner Phone 268.jpg,I
919033330695,Ref. Partner Phone 269.jpg,I
919601340449,Ref. Partner Phone 270.jpg,I
919978842784,Ref. Partner Phone 271.jpg,I
